cTelelecturaBO;cTelelecturaBO.linea;cTelelecturaBO.contadorNumSerie;cTelelecturaBO.ubicacion;cTelelecturaBO.fechaLectura;cTelelecturaBO.lectura;cTelelecturaBO.usuario;cTelelecturaBO.zona;cTelelecturaBO.contrato;cTelelecturaBO.periodo;cTelelecturaBO.observaciones;cTelelecturaBO.Linea;cTelelecturaBO.ContadorNumSerie;cTelelecturaBO.Ubicacion;cTelelecturaBO.FechaLectura;cTelelecturaBO.Lectura;cTelelecturaBO.Usuario;cTelelecturaBO.Zona;cTelelecturaBO.Contrato;cTelelecturaBO.Periodo;cTelelecturaBO.Observaciones
BO.Facturacion.cTelelecturaBO;"";P23NE855734A;"";"15/04/2024 22:05:00";9388793;"";"";"";"";"";"";P23NE855734A;"";"15/04/2024 22:05:00";9388793;"";"";"";"";""
BO.Facturacion.cTelelecturaBO;"";P23NE855733Z;"";"15/04/2024 22:05:00";1913015;"";"";"";"";"";"";P23NE855733Z;"";"15/04/2024 22:05:00";1913015;"";"";"";"";""
BO.Facturacion.cTelelecturaBO;"";P23UF789680N;"";"15/04/2024 22:10:00";5420699;"";"";"";"";"";"";P23UF789680N;"";"15/04/2024 22:10:00";5420699;"";"";"";"";""
BO.Facturacion.cTelelecturaBO;"";P23UF789678T;"";"15/04/2024 22:10:00";48465;"";"";"";"";"";"";P23UF789678T;"";"15/04/2024 22:10:00";48465;"";"";"";"";""
BO.Facturacion.cTelelecturaBO;"";P23UF789668R;"";"15/04/2024 22:10:00";419737;"";"";"";"";"";"";P23UF789668R;"";"15/04/2024 22:10:00";419737;"";"";"";"";""
BO.Facturacion.cTelelecturaBO;"";P23UF789677S;"";"15/04/2024 22:10:00";55938;"";"";"";"";"";"";P23UF789677S;"";"15/04/2024 22:10:00";55938;"";"";"";"";""
BO.Facturacion.cTelelecturaBO;"";P23NC467120D;"";"15/04/2024 22:15:00";30668;"";"";"";"";"";"";P23NC467120D;"";"15/04/2024 22:15:00";30668;"";"";"";"";""
BO.Facturacion.cTelelecturaBO;"";P23NC467122F;"";"15/04/2024 22:15:00";1852493;"";"";"";"";"";"";P23NC467122F;"";"15/04/2024 22:15:00";1852493;"";"";"";"";""
BO.Facturacion.cTelelecturaBO;"";P23NE855733Z;"";"15/04/2024 22:20:00";1913015;"";"";"";"";"";"";P23NE855733Z;"";"15/04/2024 22:20:00";1913015;"";"";"";"";""
BO.Facturacion.cTelelecturaBO;"";P23VA392778A;"";"15/04/2024 22:30:00";53119;"";"";"";"";"";"";P23VA392778A;"";"15/04/2024 22:30:00";53119;"";"";"";"";""
BO.Facturacion.cTelelecturaBO;"";P23VA401302D;"";"15/04/2024 22:30:00";80347;"";"";"";"";"";"";P23VA401302D;"";"15/04/2024 22:30:00";80347;"";"";"";"";""
BO.Facturacion.cTelelecturaBO;"";P23VA401304F;"";"15/04/2024 22:30:00";41112;"";"";"";"";"";"";P23VA401304F;"";"15/04/2024 22:30:00";41112;"";"";"";"";""
BO.Facturacion.cTelelecturaBO;"";P23VA401283R;"";"15/04/2024 22:30:00";57712;"";"";"";"";"";"";P23VA401283R;"";"15/04/2024 22:30:00";57712;"";"";"";"";""
BO.Facturacion.cTelelecturaBO;"";P23VA401284S;"";"15/04/2024 22:30:00";228295;"";"";"";"";"";"";P23VA401284S;"";"15/04/2024 22:30:00";228295;"";"";"";"";""
BO.Facturacion.cTelelecturaBO;"";P23VA401279V;"";"15/04/2024 22:30:00";124981;"";"";"";"";"";"";P23VA401279V;"";"15/04/2024 22:30:00";124981;"";"";"";"";""
BO.Facturacion.cTelelecturaBO;"";P23VA401286U;"";"15/04/2024 22:30:00";77328;"";"";"";"";"";"";P23VA401286U;"";"15/04/2024 22:30:00";77328;"";"";"";"";""
BO.Facturacion.cTelelecturaBO;"";P23VA401288W;"";"15/04/2024 22:30:00";146769;"";"";"";"";"";"";P23VA401288W;"";"15/04/2024 22:30:00";146769;"";"";"";"";""
BO.Facturacion.cTelelecturaBO;"";P23VA401300B;"";"15/04/2024 22:30:00";108221;"";"";"";"";"";"";P23VA401300B;"";"15/04/2024 22:30:00";108221;"";"";"";"";""
BO.Facturacion.cTelelecturaBO;"";P23VA401287V;"";"15/04/2024 22:30:00";236873;"";"";"";"";"";"";P23VA401287V;"";"15/04/2024 22:30:00";236873;"";"";"";"";""
BO.Facturacion.cTelelecturaBO;"";P23VA401303E;"";"15/04/2024 22:30:00";87169;"";"";"";"";"";"";P23VA401303E;"";"15/04/2024 22:30:00";87169;"";"";"";"";""
BO.Facturacion.cTelelecturaBO;"";P23VA392776Y;"";"15/04/2024 22:30:00";2;"";"";"";"";"";"";P23VA392776Y;"";"15/04/2024 22:30:00";2;"";"";"";"";""
BO.Facturacion.cTelelecturaBO;"";P23VA401278U;"";"15/04/2024 22:30:00";72476;"";"";"";"";"";"";P23VA401278U;"";"15/04/2024 22:30:00";72476;"";"";"";"";""
BO.Facturacion.cTelelecturaBO;"";P23VA401285T;"";"15/04/2024 22:30:00";154136;"";"";"";"";"";"";P23VA401285T;"";"15/04/2024 22:30:00";154136;"";"";"";"";""
BO.Facturacion.cTelelecturaBO;"";P23VA401301C;"";"15/04/2024 22:30:00";173496;"";"";"";"";"";"";P23VA401301C;"";"15/04/2024 22:30:00";173496;"";"";"";"";""
BO.Facturacion.cTelelecturaBO;"";P23VA401282Q;"";"15/04/2024 22:30:00";128036;"";"";"";"";"";"";P23VA401282Q;"";"15/04/2024 22:30:00";128036;"";"";"";"";""
BO.Facturacion.cTelelecturaBO;"";P23VA401298Y;"";"15/04/2024 22:30:00";57955;"";"";"";"";"";"";P23VA401298Y;"";"15/04/2024 22:30:00";57955;"";"";"";"";""
BO.Facturacion.cTelelecturaBO;"";P23VA401307I;"";"15/04/2024 22:30:00";93193;"";"";"";"";"";"";P23VA401307I;"";"15/04/2024 22:30:00";93193;"";"";"";"";""
BO.Facturacion.cTelelecturaBO;"";P23VA401281P;"";"15/04/2024 22:30:00";72496;"";"";"";"";"";"";P23VA401281P;"";"15/04/2024 22:30:00";72496;"";"";"";"";""
BO.Facturacion.cTelelecturaBO;"";P23VA401280O;"";"15/04/2024 22:30:00";102144;"";"";"";"";"";"";P23VA401280O;"";"15/04/2024 22:30:00";102144;"";"";"";"";""
BO.Facturacion.cTelelecturaBO;"";P23VA401305G;"";"15/04/2024 22:30:00";72947;"";"";"";"";"";"";P23VA401305G;"";"15/04/2024 22:30:00";72947;"";"";"";"";""
BO.Facturacion.cTelelecturaBO;"";P23VA392781V;"";"15/04/2024 22:30:00";159719;"";"";"";"";"";"";P23VA392781V;"";"15/04/2024 22:30:00";159719;"";"";"";"";""
BO.Facturacion.cTelelecturaBO;"";P23VA392777Z;"";"15/04/2024 22:30:00";121463;"";"";"";"";"";"";P23VA392777Z;"";"15/04/2024 22:30:00";121463;"";"";"";"";""
BO.Facturacion.cTelelecturaBO;"";P23VA401299Z;"";"15/04/2024 22:30:00";2704;"";"";"";"";"";"";P23VA401299Z;"";"15/04/2024 22:30:00";2704;"";"";"";"";""
BO.Facturacion.cTelelecturaBO;"";P23VA401306H;"";"15/04/2024 22:30:00";164146;"";"";"";"";"";"";P23VA401306H;"";"15/04/2024 22:30:00";164146;"";"";"";"";""
BO.Facturacion.cTelelecturaBO;"";P23VA392780U;"";"15/04/2024 22:30:00";120394;"";"";"";"";"";"";P23VA392780U;"";"15/04/2024 22:30:00";120394;"";"";"";"";""
BO.Facturacion.cTelelecturaBO;"";P23VA401324J;"";"15/04/2024 22:30:00";869;"";"";"";"";"";"";P23VA401324J;"";"15/04/2024 22:30:00";869;"";"";"";"";""
BO.Facturacion.cTelelecturaBO;"";P23VA401326L;"";"15/04/2024 22:30:00";33780;"";"";"";"";"";"";P23VA401326L;"";"15/04/2024 22:30:00";33780;"";"";"";"";""
BO.Facturacion.cTelelecturaBO;"";P23VA401318L;"";"15/04/2024 22:30:00";235585;"";"";"";"";"";"";P23VA401318L;"";"15/04/2024 22:30:00";235585;"";"";"";"";""
BO.Facturacion.cTelelecturaBO;"";P23VA401292S;"";"15/04/2024 22:30:00";177782;"";"";"";"";"";"";P23VA401292S;"";"15/04/2024 22:30:00";177782;"";"";"";"";""
BO.Facturacion.cTelelecturaBO;"";P23VA401293T;"";"15/04/2024 22:30:00";79533;"";"";"";"";"";"";P23VA401293T;"";"15/04/2024 22:30:00";79533;"";"";"";"";""
BO.Facturacion.cTelelecturaBO;"";P23VA401314H;"";"15/04/2024 22:30:00";150328;"";"";"";"";"";"";P23VA401314H;"";"15/04/2024 22:30:00";150328;"";"";"";"";""
BO.Facturacion.cTelelecturaBO;"";P23VA401291R;"";"15/04/2024 22:30:00";189625;"";"";"";"";"";"";P23VA401291R;"";"15/04/2024 22:30:00";189625;"";"";"";"";""
BO.Facturacion.cTelelecturaBO;"";P23VA401296W;"";"15/04/2024 22:30:00";174707;"";"";"";"";"";"";P23VA401296W;"";"15/04/2024 22:30:00";174707;"";"";"";"";""
BO.Facturacion.cTelelecturaBO;"";P23VA401309K;"";"15/04/2024 22:30:00";71199;"";"";"";"";"";"";P23VA401309K;"";"15/04/2024 22:30:00";71199;"";"";"";"";""
BO.Facturacion.cTelelecturaBO;"";P23VA401316J;"";"15/04/2024 22:30:00";37267;"";"";"";"";"";"";P23VA401316J;"";"15/04/2024 22:30:00";37267;"";"";"";"";""
BO.Facturacion.cTelelecturaBO;"";P23VA401322H;"";"15/04/2024 22:30:00";102201;"";"";"";"";"";"";P23VA401322H;"";"15/04/2024 22:30:00";102201;"";"";"";"";""
BO.Facturacion.cTelelecturaBO;"";P23VA401315I;"";"15/04/2024 22:30:00";119299;"";"";"";"";"";"";P23VA401315I;"";"15/04/2024 22:30:00";119299;"";"";"";"";""
BO.Facturacion.cTelelecturaBO;"";P23VA401327M;"";"15/04/2024 22:30:00";128975;"";"";"";"";"";"";P23VA401327M;"";"15/04/2024 22:30:00";128975;"";"";"";"";""
BO.Facturacion.cTelelecturaBO;"";P23VA401319M;"";"15/04/2024 22:30:00";58303;"";"";"";"";"";"";P23VA401319M;"";"15/04/2024 22:30:00";58303;"";"";"";"";""
BO.Facturacion.cTelelecturaBO;"";P23VA401308J;"";"15/04/2024 22:30:00";135765;"";"";"";"";"";"";P23VA401308J;"";"15/04/2024 22:30:00";135765;"";"";"";"";""
BO.Facturacion.cTelelecturaBO;"";P23VA401323I;"";"15/04/2024 22:30:00";193105;"";"";"";"";"";"";P23VA401323I;"";"15/04/2024 22:30:00";193105;"";"";"";"";""
BO.Facturacion.cTelelecturaBO;"";P23VA401294U;"";"15/04/2024 22:30:00";115841;"";"";"";"";"";"";P23VA401294U;"";"15/04/2024 22:30:00";115841;"";"";"";"";""
BO.Facturacion.cTelelecturaBO;"";P23VA401295V;"";"15/04/2024 22:30:00";41444;"";"";"";"";"";"";P23VA401295V;"";"15/04/2024 22:30:00";41444;"";"";"";"";""
BO.Facturacion.cTelelecturaBO;"";P23VA401310D;"";"15/04/2024 22:30:00";290281;"";"";"";"";"";"";P23VA401310D;"";"15/04/2024 22:30:00";290281;"";"";"";"";""
BO.Facturacion.cTelelecturaBO;"";P23VA401320F;"";"15/04/2024 22:30:00";215073;"";"";"";"";"";"";P23VA401320F;"";"15/04/2024 22:30:00";215073;"";"";"";"";""
BO.Facturacion.cTelelecturaBO;"";P23VA401321G;"";"15/04/2024 22:30:00";31688;"";"";"";"";"";"";P23VA401321G;"";"15/04/2024 22:30:00";31688;"";"";"";"";""
BO.Facturacion.cTelelecturaBO;"";P23VA401325K;"";"15/04/2024 22:30:00";135867;"";"";"";"";"";"";P23VA401325K;"";"15/04/2024 22:30:00";135867;"";"";"";"";""
BO.Facturacion.cTelelecturaBO;"";P23VA401290Q;"";"15/04/2024 22:30:00";126317;"";"";"";"";"";"";P23VA401290Q;"";"15/04/2024 22:30:00";126317;"";"";"";"";""
BO.Facturacion.cTelelecturaBO;"";P23VA401297X;"";"15/04/2024 22:30:00";78070;"";"";"";"";"";"";P23VA401297X;"";"15/04/2024 22:30:00";78070;"";"";"";"";""
BO.Facturacion.cTelelecturaBO;"";P23VA401313G;"";"15/04/2024 22:30:00";108253;"";"";"";"";"";"";P23VA401313G;"";"15/04/2024 22:30:00";108253;"";"";"";"";""
BO.Facturacion.cTelelecturaBO;"";P23VA401289X;"";"15/04/2024 22:30:00";58385;"";"";"";"";"";"";P23VA401289X;"";"15/04/2024 22:30:00";58385;"";"";"";"";""
BO.Facturacion.cTelelecturaBO;"";P23VA401345O;"";"15/04/2024 22:30:00";39862;"";"";"";"";"";"";P23VA401345O;"";"15/04/2024 22:30:00";39862;"";"";"";"";""
BO.Facturacion.cTelelecturaBO;"";P23VA401328N;"";"15/04/2024 22:30:00";118336;"";"";"";"";"";"";P23VA401328N;"";"15/04/2024 22:30:00";118336;"";"";"";"";""
BO.Facturacion.cTelelecturaBO;"";P23VA401330H;"";"15/04/2024 22:30:00";68304;"";"";"";"";"";"";P23VA401330H;"";"15/04/2024 22:30:00";68304;"";"";"";"";""
BO.Facturacion.cTelelecturaBO;"";P23VA401276S;"";"15/04/2024 22:30:00";73995;"";"";"";"";"";"";P23VA401276S;"";"15/04/2024 22:30:00";73995;"";"";"";"";""
BO.Facturacion.cTelelecturaBO;"";P23VA401274Q;"";"15/04/2024 22:30:00";138413;"";"";"";"";"";"";P23VA401274Q;"";"15/04/2024 22:30:00";138413;"";"";"";"";""
BO.Facturacion.cTelelecturaBO;"";P23VA401271N;"";"15/04/2024 22:30:00";103568;"";"";"";"";"";"";P23VA401271N;"";"15/04/2024 22:30:00";103568;"";"";"";"";""
BO.Facturacion.cTelelecturaBO;"";P23VA401272O;"";"15/04/2024 22:30:00";60637;"";"";"";"";"";"";P23VA401272O;"";"15/04/2024 22:30:00";60637;"";"";"";"";""
BO.Facturacion.cTelelecturaBO;"";P23VA401333K;"";"15/04/2024 22:30:00";118590;"";"";"";"";"";"";P23VA401333K;"";"15/04/2024 22:30:00";118590;"";"";"";"";""
BO.Facturacion.cTelelecturaBO;"";P23VA401332J;"";"15/04/2024 22:30:00";105600;"";"";"";"";"";"";P23VA401332J;"";"15/04/2024 22:30:00";105600;"";"";"";"";""
BO.Facturacion.cTelelecturaBO;"";P23VA401270M;"";"15/04/2024 22:30:00";116231;"";"";"";"";"";"";P23VA401270M;"";"15/04/2024 22:30:00";116231;"";"";"";"";""
BO.Facturacion.cTelelecturaBO;"";P23VA401277T;"";"15/04/2024 22:30:00";38385;"";"";"";"";"";"";P23VA401277T;"";"15/04/2024 22:30:00";38385;"";"";"";"";""
BO.Facturacion.cTelelecturaBO;"";P23VA401344N;"";"15/04/2024 22:30:00";196457;"";"";"";"";"";"";P23VA401344N;"";"15/04/2024 22:30:00";196457;"";"";"";"";""
BO.Facturacion.cTelelecturaBO;"";P23VA401329O;"";"15/04/2024 22:30:00";103417;"";"";"";"";"";"";P23VA401329O;"";"15/04/2024 22:30:00";103417;"";"";"";"";""
BO.Facturacion.cTelelecturaBO;"";P23VA401334L;"";"15/04/2024 22:30:00";89607;"";"";"";"";"";"";P23VA401334L;"";"15/04/2024 22:30:00";89607;"";"";"";"";""
BO.Facturacion.cTelelecturaBO;"";P23VA401347Q;"";"15/04/2024 22:30:00";30205;"";"";"";"";"";"";P23VA401347Q;"";"15/04/2024 22:30:00";30205;"";"";"";"";""
BO.Facturacion.cTelelecturaBO;"";P23VA401339Q;"";"15/04/2024 22:30:00";135526;"";"";"";"";"";"";P23VA401339Q;"";"15/04/2024 22:30:00";135526;"";"";"";"";""
BO.Facturacion.cTelelecturaBO;"";P23VA401275R;"";"15/04/2024 22:30:00";128552;"";"";"";"";"";"";P23VA401275R;"";"15/04/2024 22:30:00";128552;"";"";"";"";""
BO.Facturacion.cTelelecturaBO;"";P23VA401268S;"";"15/04/2024 22:30:00";85173;"";"";"";"";"";"";P23VA401268S;"";"15/04/2024 22:30:00";85173;"";"";"";"";""
BO.Facturacion.cTelelecturaBO;"";P23VA401346P;"";"15/04/2024 22:30:00";184143;"";"";"";"";"";"";P23VA401346P;"";"15/04/2024 22:30:00";184143;"";"";"";"";""
BO.Facturacion.cTelelecturaBO;"";P23VA401342L;"";"15/04/2024 22:30:00";173400;"";"";"";"";"";"";P23VA401342L;"";"15/04/2024 22:30:00";173400;"";"";"";"";""
BO.Facturacion.cTelelecturaBO;"";P23VA401273P;"";"15/04/2024 22:30:00";96220;"";"";"";"";"";"";P23VA401273P;"";"15/04/2024 22:30:00";96220;"";"";"";"";""
BO.Facturacion.cTelelecturaBO;"";P23VA401335M;"";"15/04/2024 22:30:00";106479;"";"";"";"";"";"";P23VA401335M;"";"15/04/2024 22:30:00";106479;"";"";"";"";""
BO.Facturacion.cTelelecturaBO;"";P23VA401269T;"";"15/04/2024 22:30:00";88073;"";"";"";"";"";"";P23VA401269T;"";"15/04/2024 22:30:00";88073;"";"";"";"";""
BO.Facturacion.cTelelecturaBO;"";P23VA401336N;"";"15/04/2024 22:30:00";92597;"";"";"";"";"";"";P23VA401336N;"";"15/04/2024 22:30:00";92597;"";"";"";"";""
BO.Facturacion.cTelelecturaBO;"";P23VA401331I;"";"15/04/2024 22:30:00";71308;"";"";"";"";"";"";P23VA401331I;"";"15/04/2024 22:30:00";71308;"";"";"";"";""
BO.Facturacion.cTelelecturaBO;"";P23VA401340J;"";"15/04/2024 22:30:00";81310;"";"";"";"";"";"";P23VA401340J;"";"15/04/2024 22:30:00";81310;"";"";"";"";""
BO.Facturacion.cTelelecturaBO;"";P23VA401337O;"";"15/04/2024 22:30:00";163417;"";"";"";"";"";"";P23VA401337O;"";"15/04/2024 22:30:00";163417;"";"";"";"";""
BO.Facturacion.cTelelecturaBO;"";P23VA401341K;"";"15/04/2024 22:30:00";105313;"";"";"";"";"";"";P23VA401341K;"";"15/04/2024 22:30:00";105313;"";"";"";"";""
BO.Facturacion.cTelelecturaBO;"";P23NA458850P;"";"15/04/2024 22:30:00";4;"";"";"";"";"";"";P23NA458850P;"";"15/04/2024 22:30:00";4;"";"";"";"";""
BO.Facturacion.cTelelecturaBO;"";P23VA392758W;"";"15/04/2024 22:30:00";125786;"";"";"";"";"";"";P23VA392758W;"";"15/04/2024 22:30:00";125786;"";"";"";"";""
BO.Facturacion.cTelelecturaBO;"";P23VA392757V;"";"15/04/2024 22:30:00";154845;"";"";"";"";"";"";P23VA392757V;"";"15/04/2024 22:30:00";154845;"";"";"";"";""
BO.Facturacion.cTelelecturaBO;"";P23VA392762S;"";"15/04/2024 22:30:00";244679;"";"";"";"";"";"";P23VA392762S;"";"15/04/2024 22:30:00";244679;"";"";"";"";""
BO.Facturacion.cTelelecturaBO;"";P23VA392773V;"";"15/04/2024 22:30:00";166072;"";"";"";"";"";"";P23VA392773V;"";"15/04/2024 22:30:00";166072;"";"";"";"";""
BO.Facturacion.cTelelecturaBO;"";P23VA392764U;"";"15/04/2024 22:30:00";28393;"";"";"";"";"";"";P23VA392764U;"";"15/04/2024 22:30:00";28393;"";"";"";"";""
BO.Facturacion.cTelelecturaBO;"";P23VA392767X;"";"15/04/2024 22:30:00";44987;"";"";"";"";"";"";P23VA392767X;"";"15/04/2024 22:30:00";44987;"";"";"";"";""
BO.Facturacion.cTelelecturaBO;"";P23VA392779B;"";"15/04/2024 22:30:00";296145;"";"";"";"";"";"";P23VA392779B;"";"15/04/2024 22:30:00";296145;"";"";"";"";""
BO.Facturacion.cTelelecturaBO;"";P23VA392771T;"";"15/04/2024 22:30:00";40033;"";"";"";"";"";"";P23VA392771T;"";"15/04/2024 22:30:00";40033;"";"";"";"";""
BO.Facturacion.cTelelecturaBO;"";P23VA392755T;"";"15/04/2024 22:30:00";59381;"";"";"";"";"";"";P23VA392755T;"";"15/04/2024 22:30:00";59381;"";"";"";"";""
BO.Facturacion.cTelelecturaBO;"";P23VA392768Y;"";"15/04/2024 22:30:00";173922;"";"";"";"";"";"";P23VA392768Y;"";"15/04/2024 22:30:00";173922;"";"";"";"";""
BO.Facturacion.cTelelecturaBO;"";P23VA392760Q;"";"15/04/2024 22:30:00";50326;"";"";"";"";"";"";P23VA392760Q;"";"15/04/2024 22:30:00";50326;"";"";"";"";""
BO.Facturacion.cTelelecturaBO;"";P23VA392761R;"";"15/04/2024 22:30:00";95982;"";"";"";"";"";"";P23VA392761R;"";"15/04/2024 22:30:00";95982;"";"";"";"";""
BO.Facturacion.cTelelecturaBO;"";P23VA392774W;"";"15/04/2024 22:30:00";2869;"";"";"";"";"";"";P23VA392774W;"";"15/04/2024 22:30:00";2869;"";"";"";"";""
BO.Facturacion.cTelelecturaBO;"";P23VA392770S;"";"15/04/2024 22:30:00";69354;"";"";"";"";"";"";P23VA392770S;"";"15/04/2024 22:30:00";69354;"";"";"";"";""
BO.Facturacion.cTelelecturaBO;"";P23VA392763T;"";"15/04/2024 22:30:00";281073;"";"";"";"";"";"";P23VA392763T;"";"15/04/2024 22:30:00";281073;"";"";"";"";""
BO.Facturacion.cTelelecturaBO;"";P23VA392769Z;"";"15/04/2024 22:30:00";88491;"";"";"";"";"";"";P23VA392769Z;"";"15/04/2024 22:30:00";88491;"";"";"";"";""
BO.Facturacion.cTelelecturaBO;"";P23VA392772U;"";"15/04/2024 22:30:00";140163;"";"";"";"";"";"";P23VA392772U;"";"15/04/2024 22:30:00";140163;"";"";"";"";""
BO.Facturacion.cTelelecturaBO;"";P23VA392759X;"";"15/04/2024 22:30:00";117705;"";"";"";"";"";"";P23VA392759X;"";"15/04/2024 22:30:00";117705;"";"";"";"";""
BO.Facturacion.cTelelecturaBO;"";P23VA392756U;"";"15/04/2024 22:30:00";80866;"";"";"";"";"";"";P23VA392756U;"";"15/04/2024 22:30:00";80866;"";"";"";"";""
BO.Facturacion.cTelelecturaBO;"";P23VA392766W;"";"15/04/2024 22:30:00";67098;"";"";"";"";"";"";P23VA392766W;"";"15/04/2024 22:30:00";67098;"";"";"";"";""
BO.Facturacion.cTelelecturaBO;"";P23VA392765V;"";"15/04/2024 22:30:00";52378;"";"";"";"";"";"";P23VA392765V;"";"15/04/2024 22:30:00";52378;"";"";"";"";""
BO.Facturacion.cTelelecturaBO;"";P23NA459028X;"";"15/04/2024 22:30:00";4;"";"";"";"";"";"";P23NA459028X;"";"15/04/2024 22:30:00";4;"";"";"";"";""
BO.Facturacion.cTelelecturaBO;"";P23NA909594B;"";"15/04/2024 22:30:00";5;"";"";"";"";"";"";P23NA909594B;"";"15/04/2024 22:30:00";5;"";"";"";"";""
BO.Facturacion.cTelelecturaBO;"";P23NA909651T;"";"15/04/2024 22:30:00";5;"";"";"";"";"";"";P23NA909651T;"";"15/04/2024 22:30:00";5;"";"";"";"";""
BO.Facturacion.cTelelecturaBO;"";P23NA459341D;"";"15/04/2024 22:30:00";4;"";"";"";"";"";"";P23NA459341D;"";"15/04/2024 22:30:00";4;"";"";"";"";""
BO.Facturacion.cTelelecturaBO;"";P23NE855785L;"";"15/04/2024 22:30:00";3;"";"";"";"";"";"";P23NE855785L;"";"15/04/2024 22:30:00";3;"";"";"";"";""
BO.Facturacion.cTelelecturaBO;"";P23NE855749H;"";"15/04/2024 22:30:00";7762206;"";"";"";"";"";"";P23NE855749H;"";"15/04/2024 22:30:00";7762206;"";"";"";"";""
BO.Facturacion.cTelelecturaBO;"";P23NE855775J;"";"15/04/2024 22:30:00";4;"";"";"";"";"";"";P23NE855775J;"";"15/04/2024 22:30:00";4;"";"";"";"";""
BO.Facturacion.cTelelecturaBO;"";P23NE855754E;"";"15/04/2024 22:30:00";119302;"";"";"";"";"";"";P23NE855754E;"";"15/04/2024 22:30:00";119302;"";"";"";"";""
BO.Facturacion.cTelelecturaBO;"";P23NE855759J;"";"15/04/2024 22:30:00";211346;"";"";"";"";"";"";P23NE855759J;"";"15/04/2024 22:30:00";211346;"";"";"";"";""
BO.Facturacion.cTelelecturaBO;"";P23NE855766I;"";"15/04/2024 22:30:00";26436;"";"";"";"";"";"";P23NE855766I;"";"15/04/2024 22:30:00";26436;"";"";"";"";""
BO.Facturacion.cTelelecturaBO;"";P23NA907776X;"";"15/04/2024 22:30:00";5;"";"";"";"";"";"";P23NA907776X;"";"15/04/2024 22:30:00";5;"";"";"";"";""
BO.Facturacion.cTelelecturaBO;"";P23NA907943U;"";"15/04/2024 22:30:00";4;"";"";"";"";"";"";P23NA907943U;"";"15/04/2024 22:30:00";4;"";"";"";"";""
BO.Facturacion.cTelelecturaBO;"";P23NA907947Y;"";"15/04/2024 22:30:00";4;"";"";"";"";"";"";P23NA907947Y;"";"15/04/2024 22:30:00";4;"";"";"";"";""
BO.Facturacion.cTelelecturaBO;"";P23NA907961W;"";"15/04/2024 22:30:00";5;"";"";"";"";"";"";P23NA907961W;"";"15/04/2024 22:30:00";5;"";"";"";"";""
BO.Facturacion.cTelelecturaBO;"";P23NA907959C;"";"15/04/2024 22:30:00";4;"";"";"";"";"";"";P23NA907959C;"";"15/04/2024 22:30:00";4;"";"";"";"";""
BO.Facturacion.cTelelecturaBO;"";P23NA908011P;"";"15/04/2024 22:30:00";55000;"";"";"";"";"";"";P23NA908011P;"";"15/04/2024 22:30:00";55000;"";"";"";"";""
BO.Facturacion.cTelelecturaBO;"";P23NA908014S;"";"15/04/2024 22:30:00";720;"";"";"";"";"";"";P23NA908014S;"";"15/04/2024 22:30:00";720;"";"";"";"";""
BO.Facturacion.cTelelecturaBO;"";P23NA908013R;"";"15/04/2024 22:30:00";1931;"";"";"";"";"";"";P23NA908013R;"";"15/04/2024 22:30:00";1931;"";"";"";"";""
BO.Facturacion.cTelelecturaBO;"";P23NA908019X;"";"15/04/2024 22:30:00";3504;"";"";"";"";"";"";P23NA908019X;"";"15/04/2024 22:30:00";3504;"";"";"";"";""
BO.Facturacion.cTelelecturaBO;"";P23NA908010O;"";"15/04/2024 22:30:00";38647;"";"";"";"";"";"";P23NA908010O;"";"15/04/2024 22:30:00";38647;"";"";"";"";""
BO.Facturacion.cTelelecturaBO;"";P23VA872788W;"";"15/04/2024 22:30:00";37244;"";"";"";"";"";"";P23VA872788W;"";"15/04/2024 22:30:00";37244;"";"";"";"";""
BO.Facturacion.cTelelecturaBO;"";P23VA872627G;"";"15/04/2024 22:30:00";35895;"";"";"";"";"";"";P23VA872627G;"";"15/04/2024 22:30:00";35895;"";"";"";"";""
BO.Facturacion.cTelelecturaBO;"";P23VA872619G;"";"15/04/2024 22:30:00";21043;"";"";"";"";"";"";P23VA872619G;"";"15/04/2024 22:30:00";21043;"";"";"";"";""
BO.Facturacion.cTelelecturaBO;"";P23VA872623C;"";"15/04/2024 22:30:00";43387;"";"";"";"";"";"";P23VA872623C;"";"15/04/2024 22:30:00";43387;"";"";"";"";""
BO.Facturacion.cTelelecturaBO;"";P23VA872621A;"";"15/04/2024 22:30:00";11419;"";"";"";"";"";"";P23VA872621A;"";"15/04/2024 22:30:00";11419;"";"";"";"";""
BO.Facturacion.cTelelecturaBO;"";P23VA872622B;"";"15/04/2024 22:30:00";37836;"";"";"";"";"";"";P23VA872622B;"";"15/04/2024 22:30:00";37836;"";"";"";"";""
BO.Facturacion.cTelelecturaBO;"";P23VA872620Z;"";"15/04/2024 22:30:00";9;"";"";"";"";"";"";P23VA872620Z;"";"15/04/2024 22:30:00";9;"";"";"";"";""
BO.Facturacion.cTelelecturaBO;"";P23VA872624D;"";"15/04/2024 22:30:00";24878;"";"";"";"";"";"";P23VA872624D;"";"15/04/2024 22:30:00";24878;"";"";"";"";""
BO.Facturacion.cTelelecturaBO;"";P23VA872879Y;"";"15/04/2024 22:30:00";40030;"";"";"";"";"";"";P23VA872879Y;"";"15/04/2024 22:30:00";40030;"";"";"";"";""
BO.Facturacion.cTelelecturaBO;"";P23VA872625E;"";"15/04/2024 22:30:00";30886;"";"";"";"";"";"";P23VA872625E;"";"15/04/2024 22:30:00";30886;"";"";"";"";""
BO.Facturacion.cTelelecturaBO;"";P23VA872626F;"";"15/04/2024 22:30:00";29928;"";"";"";"";"";"";P23VA872626F;"";"15/04/2024 22:30:00";29928;"";"";"";"";""
BO.Facturacion.cTelelecturaBO;"";P23VA872618F;"";"15/04/2024 22:30:00";34232;"";"";"";"";"";"";P23VA872618F;"";"15/04/2024 22:30:00";34232;"";"";"";"";""
BO.Facturacion.cTelelecturaBO;"";P23VA872630B;"";"15/04/2024 22:30:00";4655;"";"";"";"";"";"";P23VA872630B;"";"15/04/2024 22:30:00";4655;"";"";"";"";""
BO.Facturacion.cTelelecturaBO;"";P23VA872636H;"";"15/04/2024 22:30:00";32232;"";"";"";"";"";"";P23VA872636H;"";"15/04/2024 22:30:00";32232;"";"";"";"";""
BO.Facturacion.cTelelecturaBO;"";P23VA872637I;"";"15/04/2024 22:30:00";32620;"";"";"";"";"";"";P23VA872637I;"";"15/04/2024 22:30:00";32620;"";"";"";"";""
BO.Facturacion.cTelelecturaBO;"";P23VA872632D;"";"15/04/2024 22:30:00";26172;"";"";"";"";"";"";P23VA872632D;"";"15/04/2024 22:30:00";26172;"";"";"";"";""
BO.Facturacion.cTelelecturaBO;"";P23VA872631C;"";"15/04/2024 22:30:00";15280;"";"";"";"";"";"";P23VA872631C;"";"15/04/2024 22:30:00";15280;"";"";"";"";""
BO.Facturacion.cTelelecturaBO;"";P23VA872635G;"";"15/04/2024 22:30:00";28267;"";"";"";"";"";"";P23VA872635G;"";"15/04/2024 22:30:00";28267;"";"";"";"";""
BO.Facturacion.cTelelecturaBO;"";P23VA872828N;"";"15/04/2024 22:30:00";10912;"";"";"";"";"";"";P23VA872828N;"";"15/04/2024 22:30:00";10912;"";"";"";"";""
BO.Facturacion.cTelelecturaBO;"";P23VA872653I;"";"15/04/2024 22:30:00";35857;"";"";"";"";"";"";P23VA872653I;"";"15/04/2024 22:30:00";35857;"";"";"";"";""
BO.Facturacion.cTelelecturaBO;"";P23VA872654J;"";"15/04/2024 22:30:00";13430;"";"";"";"";"";"";P23VA872654J;"";"15/04/2024 22:30:00";13430;"";"";"";"";""
BO.Facturacion.cTelelecturaBO;"";P23VA872835M;"";"15/04/2024 22:30:00";31219;"";"";"";"";"";"";P23VA872835M;"";"15/04/2024 22:30:00";31219;"";"";"";"";""
BO.Facturacion.cTelelecturaBO;"";P23VA872832J;"";"15/04/2024 22:30:00";11852;"";"";"";"";"";"";P23VA872832J;"";"15/04/2024 22:30:00";11852;"";"";"";"";""
BO.Facturacion.cTelelecturaBO;"";P23VA872649M;"";"15/04/2024 22:30:00";23584;"";"";"";"";"";"";P23VA872649M;"";"15/04/2024 22:30:00";23584;"";"";"";"";""
BO.Facturacion.cTelelecturaBO;"";P23VA872883U;"";"15/04/2024 22:30:00";5663;"";"";"";"";"";"";P23VA872883U;"";"15/04/2024 22:30:00";5663;"";"";"";"";""
BO.Facturacion.cTelelecturaBO;"";P23VA872648L;"";"15/04/2024 22:30:00";3116;"";"";"";"";"";"";P23VA872648L;"";"15/04/2024 22:30:00";3116;"";"";"";"";""
BO.Facturacion.cTelelecturaBO;"";P23VA872829O;"";"15/04/2024 22:30:00";26893;"";"";"";"";"";"";P23VA872829O;"";"15/04/2024 22:30:00";26893;"";"";"";"";""
BO.Facturacion.cTelelecturaBO;"";P23VA872834L;"";"15/04/2024 22:30:00";17898;"";"";"";"";"";"";P23VA872834L;"";"15/04/2024 22:30:00";17898;"";"";"";"";""
BO.Facturacion.cTelelecturaBO;"";P23VA872836N;"";"15/04/2024 22:30:00";19526;"";"";"";"";"";"";P23VA872836N;"";"15/04/2024 22:30:00";19526;"";"";"";"";""
BO.Facturacion.cTelelecturaBO;"";P23VA872833K;"";"15/04/2024 22:30:00";35988;"";"";"";"";"";"";P23VA872833K;"";"15/04/2024 22:30:00";35988;"";"";"";"";""
BO.Facturacion.cTelelecturaBO;"";P23VA872878X;"";"15/04/2024 22:30:00";21929;"";"";"";"";"";"";P23VA872878X;"";"15/04/2024 22:30:00";21929;"";"";"";"";""
BO.Facturacion.cTelelecturaBO;"";P23VA872830H;"";"15/04/2024 22:30:00";27264;"";"";"";"";"";"";P23VA872830H;"";"15/04/2024 22:30:00";27264;"";"";"";"";""
BO.Facturacion.cTelelecturaBO;"";P23VA872831I;"";"15/04/2024 22:30:00";5;"";"";"";"";"";"";P23VA872831I;"";"15/04/2024 22:30:00";5;"";"";"";"";""
BO.Facturacion.cTelelecturaBO;"";P23VA872837O;"";"15/04/2024 22:30:00";11525;"";"";"";"";"";"";P23VA872837O;"";"15/04/2024 22:30:00";11525;"";"";"";"";""
BO.Facturacion.cTelelecturaBO;"";P23VA872665M;"";"15/04/2024 22:30:00";20590;"";"";"";"";"";"";P23VA872665M;"";"15/04/2024 22:30:00";20590;"";"";"";"";""
BO.Facturacion.cTelelecturaBO;"";P23VA872791R;"";"15/04/2024 22:30:00";22269;"";"";"";"";"";"";P23VA872791R;"";"15/04/2024 22:30:00";22269;"";"";"";"";""
BO.Facturacion.cTelelecturaBO;"";P23VA872664L;"";"15/04/2024 22:30:00";33128;"";"";"";"";"";"";P23VA872664L;"";"15/04/2024 22:30:00";33128;"";"";"";"";""
BO.Facturacion.cTelelecturaBO;"";P23VA872796W;"";"15/04/2024 22:30:00";5;"";"";"";"";"";"";P23VA872796W;"";"15/04/2024 22:30:00";5;"";"";"";"";""
BO.Facturacion.cTelelecturaBO;"";P23VA872663K;"";"15/04/2024 22:30:00";31658;"";"";"";"";"";"";P23VA872663K;"";"15/04/2024 22:30:00";31658;"";"";"";"";""
BO.Facturacion.cTelelecturaBO;"";P23VA872660H;"";"15/04/2024 22:30:00";5867;"";"";"";"";"";"";P23VA872660H;"";"15/04/2024 22:30:00";5867;"";"";"";"";""
BO.Facturacion.cTelelecturaBO;"";P23VA872662J;"";"15/04/2024 22:30:00";6069;"";"";"";"";"";"";P23VA872662J;"";"15/04/2024 22:30:00";6069;"";"";"";"";""
BO.Facturacion.cTelelecturaBO;"";P23VA872661I;"";"15/04/2024 22:30:00";5;"";"";"";"";"";"";P23VA872661I;"";"15/04/2024 22:30:00";5;"";"";"";"";""
BO.Facturacion.cTelelecturaBO;"";P23VA872667O;"";"15/04/2024 22:30:00";17591;"";"";"";"";"";"";P23VA872667O;"";"15/04/2024 22:30:00";17591;"";"";"";"";""
BO.Facturacion.cTelelecturaBO;"";P23VA872659O;"";"15/04/2024 22:30:00";52622;"";"";"";"";"";"";P23VA872659O;"";"15/04/2024 22:30:00";52622;"";"";"";"";""
BO.Facturacion.cTelelecturaBO;"";P23VA872666N;"";"15/04/2024 22:30:00";23454;"";"";"";"";"";"";P23VA872666N;"";"15/04/2024 22:30:00";23454;"";"";"";"";""
BO.Facturacion.cTelelecturaBO;"";P23VA872795V;"";"15/04/2024 22:30:00";7150;"";"";"";"";"";"";P23VA872795V;"";"15/04/2024 22:30:00";7150;"";"";"";"";""
BO.Facturacion.cTelelecturaBO;"";P23VA872985Z;"";"15/04/2024 22:30:00";33257;"";"";"";"";"";"";P23VA872985Z;"";"15/04/2024 22:30:00";33257;"";"";"";"";""
BO.Facturacion.cTelelecturaBO;"";P23VA872978A;"";"15/04/2024 22:30:00";15854;"";"";"";"";"";"";P23VA872978A;"";"15/04/2024 22:30:00";15854;"";"";"";"";""
BO.Facturacion.cTelelecturaBO;"";P23VA872979B;"";"15/04/2024 22:30:00";14045;"";"";"";"";"";"";P23VA872979B;"";"15/04/2024 22:30:00";14045;"";"";"";"";""
BO.Facturacion.cTelelecturaBO;"";P23VA872983X;"";"15/04/2024 22:30:00";23388;"";"";"";"";"";"";P23VA872983X;"";"15/04/2024 22:30:00";23388;"";"";"";"";""
BO.Facturacion.cTelelecturaBO;"";P23VA872984Y;"";"15/04/2024 22:30:00";826;"";"";"";"";"";"";P23VA872984Y;"";"15/04/2024 22:30:00";826;"";"";"";"";""
BO.Facturacion.cTelelecturaBO;"";P23VA872981V;"";"15/04/2024 22:30:00";1498;"";"";"";"";"";"";P23VA872981V;"";"15/04/2024 22:30:00";1498;"";"";"";"";""
BO.Facturacion.cTelelecturaBO;"";P23VA872888Z;"";"15/04/2024 22:30:00";10981;"";"";"";"";"";"";P23VA872888Z;"";"15/04/2024 22:30:00";10981;"";"";"";"";""
BO.Facturacion.cTelelecturaBO;"";P23VA872894X;"";"15/04/2024 22:30:00";3595;"";"";"";"";"";"";P23VA872894X;"";"15/04/2024 22:30:00";3595;"";"";"";"";""
BO.Facturacion.cTelelecturaBO;"";P23VA872893W;"";"15/04/2024 22:30:00";37083;"";"";"";"";"";"";P23VA872893W;"";"15/04/2024 22:30:00";37083;"";"";"";"";""
BO.Facturacion.cTelelecturaBO;"";P23VA872668P;"";"15/04/2024 22:30:00";1774;"";"";"";"";"";"";P23VA872668P;"";"15/04/2024 22:30:00";1774;"";"";"";"";""
BO.Facturacion.cTelelecturaBO;"";P23VA858163J;"";"15/04/2024 22:30:00";21454;"";"";"";"";"";"";P23VA858163J;"";"15/04/2024 22:30:00";21454;"";"";"";"";""
BO.Facturacion.cTelelecturaBO;"";P23VA872895Y;"";"15/04/2024 22:30:00";8735;"";"";"";"";"";"";P23VA872895Y;"";"15/04/2024 22:30:00";8735;"";"";"";"";""
BO.Facturacion.cTelelecturaBO;"";P23VA872892V;"";"15/04/2024 22:30:00";33331;"";"";"";"";"";"";P23VA872892V;"";"15/04/2024 22:30:00";33331;"";"";"";"";""
BO.Facturacion.cTelelecturaBO;"";P23VA872889A;"";"15/04/2024 22:30:00";67671;"";"";"";"";"";"";P23VA872889A;"";"15/04/2024 22:30:00";67671;"";"";"";"";""
BO.Facturacion.cTelelecturaBO;"";P23VA872890T;"";"15/04/2024 22:30:00";24845;"";"";"";"";"";"";P23VA872890T;"";"15/04/2024 22:30:00";24845;"";"";"";"";""
BO.Facturacion.cTelelecturaBO;"";P23VA872669Q;"";"15/04/2024 22:30:00";75465;"";"";"";"";"";"";P23VA872669Q;"";"15/04/2024 22:30:00";75465;"";"";"";"";""
BO.Facturacion.cTelelecturaBO;"";P23VA872897A;"";"15/04/2024 22:30:00";28553;"";"";"";"";"";"";P23VA872897A;"";"15/04/2024 22:30:00";28553;"";"";"";"";""
BO.Facturacion.cTelelecturaBO;"";P23VA858158M;"";"15/04/2024 22:30:00";10123;"";"";"";"";"";"";P23VA858158M;"";"15/04/2024 22:30:00";10123;"";"";"";"";""
BO.Facturacion.cTelelecturaBO;"";P23VA872674N;"";"15/04/2024 22:30:00";1475;"";"";"";"";"";"";P23VA872674N;"";"15/04/2024 22:30:00";1475;"";"";"";"";""
BO.Facturacion.cTelelecturaBO;"";P23VA872673M;"";"15/04/2024 22:30:00";43396;"";"";"";"";"";"";P23VA872673M;"";"15/04/2024 22:30:00";43396;"";"";"";"";""
BO.Facturacion.cTelelecturaBO;"";P23VA872896Z;"";"15/04/2024 22:30:00";91;"";"";"";"";"";"";P23VA872896Z;"";"15/04/2024 22:30:00";91;"";"";"";"";""
BO.Facturacion.cTelelecturaBO;"";P23VA872891U;"";"15/04/2024 22:30:00";12371;"";"";"";"";"";"";P23VA872891U;"";"15/04/2024 22:30:00";12371;"";"";"";"";""
BO.Facturacion.cTelelecturaBO;"";P23VA858159N;"";"15/04/2024 22:30:00";44741;"";"";"";"";"";"";P23VA858159N;"";"15/04/2024 22:30:00";44741;"";"";"";"";""
BO.Facturacion.cTelelecturaBO;"";P23VA858162I;"";"15/04/2024 22:30:00";5;"";"";"";"";"";"";P23VA858162I;"";"15/04/2024 22:30:00";5;"";"";"";"";""
BO.Facturacion.cTelelecturaBO;"";P23VA858156K;"";"15/04/2024 22:30:00";24011;"";"";"";"";"";"";P23VA858156K;"";"15/04/2024 22:30:00";24011;"";"";"";"";""
BO.Facturacion.cTelelecturaBO;"";P23VA858160G;"";"15/04/2024 22:30:00";25317;"";"";"";"";"";"";P23VA858160G;"";"15/04/2024 22:30:00";25317;"";"";"";"";""
BO.Facturacion.cTelelecturaBO;"";P23VA858155J;"";"15/04/2024 22:30:00";5;"";"";"";"";"";"";P23VA858155J;"";"15/04/2024 22:30:00";5;"";"";"";"";""
BO.Facturacion.cTelelecturaBO;"";P23VA858154I;"";"15/04/2024 22:30:00";166;"";"";"";"";"";"";P23VA858154I;"";"15/04/2024 22:30:00";166;"";"";"";"";""
BO.Facturacion.cTelelecturaBO;"";P23VA858161H;"";"15/04/2024 22:30:00";7022;"";"";"";"";"";"";P23VA858161H;"";"15/04/2024 22:30:00";7022;"";"";"";"";""
BO.Facturacion.cTelelecturaBO;"";P23VA858157L;"";"15/04/2024 22:30:00";19778;"";"";"";"";"";"";P23VA858157L;"";"15/04/2024 22:30:00";19778;"";"";"";"";""
BO.Facturacion.cTelelecturaBO;"";P23VA872656L;"";"15/04/2024 22:30:00";2142;"";"";"";"";"";"";P23VA872656L;"";"15/04/2024 22:30:00";2142;"";"";"";"";""
BO.Facturacion.cTelelecturaBO;"";P23VA872651G;"";"15/04/2024 22:30:00";38713;"";"";"";"";"";"";P23VA872651G;"";"15/04/2024 22:30:00";38713;"";"";"";"";""
BO.Facturacion.cTelelecturaBO;"";P23VA872633E;"";"15/04/2024 22:30:00";16843;"";"";"";"";"";"";P23VA872633E;"";"15/04/2024 22:30:00";16843;"";"";"";"";""
BO.Facturacion.cTelelecturaBO;"";P23VA872657M;"";"15/04/2024 22:30:00";25637;"";"";"";"";"";"";P23VA872657M;"";"15/04/2024 22:30:00";25637;"";"";"";"";""
BO.Facturacion.cTelelecturaBO;"";P23VA872634F;"";"15/04/2024 22:30:00";5291;"";"";"";"";"";"";P23VA872634F;"";"15/04/2024 22:30:00";5291;"";"";"";"";""
BO.Facturacion.cTelelecturaBO;"";P23VA872628H;"";"15/04/2024 22:30:00";13533;"";"";"";"";"";"";P23VA872628H;"";"15/04/2024 22:30:00";13533;"";"";"";"";""
BO.Facturacion.cTelelecturaBO;"";P23VA872813G;"";"15/04/2024 22:30:00";38387;"";"";"";"";"";"";P23VA872813G;"";"15/04/2024 22:30:00";38387;"";"";"";"";""
BO.Facturacion.cTelelecturaBO;"";P23VA874374M;"";"15/04/2024 22:30:00";5929;"";"";"";"";"";"";P23VA874374M;"";"15/04/2024 22:30:00";5929;"";"";"";"";""
BO.Facturacion.cTelelecturaBO;"";P23VA874372K;"";"15/04/2024 22:30:00";28643;"";"";"";"";"";"";P23VA874372K;"";"15/04/2024 22:30:00";28643;"";"";"";"";""
BO.Facturacion.cTelelecturaBO;"";P23VA874376O;"";"15/04/2024 22:30:00";53737;"";"";"";"";"";"";P23VA874376O;"";"15/04/2024 22:30:00";53737;"";"";"";"";""
BO.Facturacion.cTelelecturaBO;"";P23VA874371J;"";"15/04/2024 22:30:00";62945;"";"";"";"";"";"";P23VA874371J;"";"15/04/2024 22:30:00";62945;"";"";"";"";""
BO.Facturacion.cTelelecturaBO;"";P23VA874375N;"";"15/04/2024 22:30:00";46609;"";"";"";"";"";"";P23VA874375N;"";"15/04/2024 22:30:00";46609;"";"";"";"";""
BO.Facturacion.cTelelecturaBO;"";P23VA874373L;"";"15/04/2024 22:30:00";58096;"";"";"";"";"";"";P23VA874373L;"";"15/04/2024 22:30:00";58096;"";"";"";"";""
BO.Facturacion.cTelelecturaBO;"";P23VA872814H;"";"15/04/2024 22:30:00";5;"";"";"";"";"";"";P23VA872814H;"";"15/04/2024 22:30:00";5;"";"";"";"";""
BO.Facturacion.cTelelecturaBO;"";P23VA872808J;"";"15/04/2024 22:30:00";55223;"";"";"";"";"";"";P23VA872808J;"";"15/04/2024 22:30:00";55223;"";"";"";"";""
BO.Facturacion.cTelelecturaBO;"";P23VA872815I;"";"15/04/2024 22:30:00";42192;"";"";"";"";"";"";P23VA872815I;"";"15/04/2024 22:30:00";42192;"";"";"";"";""
BO.Facturacion.cTelelecturaBO;"";P23VA872809K;"";"15/04/2024 22:30:00";20103;"";"";"";"";"";"";P23VA872809K;"";"15/04/2024 22:30:00";20103;"";"";"";"";""
BO.Facturacion.cTelelecturaBO;"";P23VA874377P;"";"15/04/2024 22:30:00";42252;"";"";"";"";"";"";P23VA874377P;"";"15/04/2024 22:30:00";42252;"";"";"";"";""
BO.Facturacion.cTelelecturaBO;"";P23VA874370I;"";"15/04/2024 22:30:00";50706;"";"";"";"";"";"";P23VA874370I;"";"15/04/2024 22:30:00";50706;"";"";"";"";""
BO.Facturacion.cTelelecturaBO;"";P23VA874368O;"";"15/04/2024 22:30:00";46863;"";"";"";"";"";"";P23VA874368O;"";"15/04/2024 22:30:00";46863;"";"";"";"";""
BO.Facturacion.cTelelecturaBO;"";P23VA874369P;"";"15/04/2024 22:30:00";52488;"";"";"";"";"";"";P23VA874369P;"";"15/04/2024 22:30:00";52488;"";"";"";"";""
BO.Facturacion.cTelelecturaBO;"";P23VA872560E;"";"15/04/2024 22:30:00";2162;"";"";"";"";"";"";P23VA872560E;"";"15/04/2024 22:30:00";2162;"";"";"";"";""
BO.Facturacion.cTelelecturaBO;"";P23VA872852N;"";"15/04/2024 22:30:00";22541;"";"";"";"";"";"";P23VA872852N;"";"15/04/2024 22:30:00";22541;"";"";"";"";""
BO.Facturacion.cTelelecturaBO;"";P23VA872566K;"";"15/04/2024 22:30:00";44175;"";"";"";"";"";"";P23VA872566K;"";"15/04/2024 22:30:00";44175;"";"";"";"";""
BO.Facturacion.cTelelecturaBO;"";P23VA872564I;"";"15/04/2024 22:30:00";62903;"";"";"";"";"";"";P23VA872564I;"";"15/04/2024 22:30:00";62903;"";"";"";"";""
BO.Facturacion.cTelelecturaBO;"";P23VA872857S;"";"15/04/2024 22:30:00";41312;"";"";"";"";"";"";P23VA872857S;"";"15/04/2024 22:30:00";41312;"";"";"";"";""
BO.Facturacion.cTelelecturaBO;"";P23VA872565J;"";"15/04/2024 22:30:00";40902;"";"";"";"";"";"";P23VA872565J;"";"15/04/2024 22:30:00";40902;"";"";"";"";""
BO.Facturacion.cTelelecturaBO;"";P23VA872851M;"";"15/04/2024 22:30:00";36138;"";"";"";"";"";"";P23VA872851M;"";"15/04/2024 22:30:00";36138;"";"";"";"";""
BO.Facturacion.cTelelecturaBO;"";P23VA872563H;"";"15/04/2024 22:30:00";44289;"";"";"";"";"";"";P23VA872563H;"";"15/04/2024 22:30:00";44289;"";"";"";"";""
BO.Facturacion.cTelelecturaBO;"";P23VA873037U;"";"15/04/2024 22:30:00";47120;"";"";"";"";"";"";P23VA873037U;"";"15/04/2024 22:30:00";47120;"";"";"";"";""
BO.Facturacion.cTelelecturaBO;"";P23VA872856R;"";"15/04/2024 22:30:00";98769;"";"";"";"";"";"";P23VA872856R;"";"15/04/2024 22:30:00";98769;"";"";"";"";""
BO.Facturacion.cTelelecturaBO;"";P23VA872567L;"";"15/04/2024 22:30:00";22528;"";"";"";"";"";"";P23VA872567L;"";"15/04/2024 22:30:00";22528;"";"";"";"";""
BO.Facturacion.cTelelecturaBO;"";P23VA872558K;"";"15/04/2024 22:30:00";39031;"";"";"";"";"";"";P23VA872558K;"";"15/04/2024 22:30:00";39031;"";"";"";"";""
BO.Facturacion.cTelelecturaBO;"";P23VA872559L;"";"15/04/2024 22:30:00";17484;"";"";"";"";"";"";P23VA872559L;"";"15/04/2024 22:30:00";17484;"";"";"";"";""
BO.Facturacion.cTelelecturaBO;"";P23VA873032P;"";"15/04/2024 22:30:00";54684;"";"";"";"";"";"";P23VA873032P;"";"15/04/2024 22:30:00";54684;"";"";"";"";""
BO.Facturacion.cTelelecturaBO;"";P23VA872562G;"";"15/04/2024 22:30:00";25195;"";"";"";"";"";"";P23VA872562G;"";"15/04/2024 22:30:00";25195;"";"";"";"";""
BO.Facturacion.cTelelecturaBO;"";P23VA872561F;"";"15/04/2024 22:30:00";22798;"";"";"";"";"";"";P23VA872561F;"";"15/04/2024 22:30:00";22798;"";"";"";"";""
BO.Facturacion.cTelelecturaBO;"";P23VA874123V;"";"15/04/2024 22:30:00";14144;"";"";"";"";"";"";P23VA874123V;"";"15/04/2024 22:30:00";14144;"";"";"";"";""
BO.Facturacion.cTelelecturaBO;"";P23VA872655K;"";"15/04/2024 22:30:00";25253;"";"";"";"";"";"";P23VA872655K;"";"15/04/2024 22:30:00";25253;"";"";"";"";""
BO.Facturacion.cTelelecturaBO;"";P23VA874122U;"";"15/04/2024 22:30:00";18436;"";"";"";"";"";"";P23VA874122U;"";"15/04/2024 22:30:00";18436;"";"";"";"";""
BO.Facturacion.cTelelecturaBO;"";P23VA874124W;"";"15/04/2024 22:30:00";10087;"";"";"";"";"";"";P23VA874124W;"";"15/04/2024 22:30:00";10087;"";"";"";"";""
BO.Facturacion.cTelelecturaBO;"";P23VA874120S;"";"15/04/2024 22:30:00";39991;"";"";"";"";"";"";P23VA874120S;"";"15/04/2024 22:30:00";39991;"";"";"";"";""
BO.Facturacion.cTelelecturaBO;"";P23VA874127Z;"";"15/04/2024 22:30:00";18615;"";"";"";"";"";"";P23VA874127Z;"";"15/04/2024 22:30:00";18615;"";"";"";"";""
BO.Facturacion.cTelelecturaBO;"";P23VA874125X;"";"15/04/2024 22:30:00";5911;"";"";"";"";"";"";P23VA874125X;"";"15/04/2024 22:30:00";5911;"";"";"";"";""
BO.Facturacion.cTelelecturaBO;"";P23VA874119Z;"";"15/04/2024 22:30:00";32915;"";"";"";"";"";"";P23VA874119Z;"";"15/04/2024 22:30:00";32915;"";"";"";"";""
BO.Facturacion.cTelelecturaBO;"";P23VA874126Y;"";"15/04/2024 22:30:00";823;"";"";"";"";"";"";P23VA874126Y;"";"15/04/2024 22:30:00";823;"";"";"";"";""
BO.Facturacion.cTelelecturaBO;"";P23VA874118Y;"";"15/04/2024 22:30:00";15887;"";"";"";"";"";"";P23VA874118Y;"";"15/04/2024 22:30:00";15887;"";"";"";"";""
BO.Facturacion.cTelelecturaBO;"";P23VA874121T;"";"15/04/2024 22:30:00";17227;"";"";"";"";"";"";P23VA874121T;"";"15/04/2024 22:30:00";17227;"";"";"";"";""
BO.Facturacion.cTelelecturaBO;"";P23VA872880R;"";"15/04/2024 22:30:00";50180;"";"";"";"";"";"";P23VA872880R;"";"15/04/2024 22:30:00";50180;"";"";"";"";""
BO.Facturacion.cTelelecturaBO;"";P23VA872882T;"";"15/04/2024 22:30:00";31374;"";"";"";"";"";"";P23VA872882T;"";"15/04/2024 22:30:00";31374;"";"";"";"";""
BO.Facturacion.cTelelecturaBO;"";P23VA872816J;"";"15/04/2024 22:30:00";11713;"";"";"";"";"";"";P23VA872816J;"";"15/04/2024 22:30:00";11713;"";"";"";"";""
BO.Facturacion.cTelelecturaBO;"";P23VA872812F;"";"15/04/2024 22:30:00";24571;"";"";"";"";"";"";P23VA872812F;"";"15/04/2024 22:30:00";24571;"";"";"";"";""
BO.Facturacion.cTelelecturaBO;"";P23VA872817K;"";"15/04/2024 22:30:00";31880;"";"";"";"";"";"";P23VA872817K;"";"15/04/2024 22:30:00";31880;"";"";"";"";""
BO.Facturacion.cTelelecturaBO;"";P23VA872810D;"";"15/04/2024 22:30:00";40572;"";"";"";"";"";"";P23VA872810D;"";"15/04/2024 22:30:00";40572;"";"";"";"";""
BO.Facturacion.cTelelecturaBO;"";P23VA872881S;"";"15/04/2024 22:30:00";19881;"";"";"";"";"";"";P23VA872881S;"";"15/04/2024 22:30:00";19881;"";"";"";"";""
BO.Facturacion.cTelelecturaBO;"";P23VA872887Y;"";"15/04/2024 22:30:00";55726;"";"";"";"";"";"";P23VA872887Y;"";"15/04/2024 22:30:00";55726;"";"";"";"";""
BO.Facturacion.cTelelecturaBO;"";P23VA872811E;"";"15/04/2024 22:30:00";18930;"";"";"";"";"";"";P23VA872811E;"";"15/04/2024 22:30:00";18930;"";"";"";"";""
BO.Facturacion.cTelelecturaBO;"";P23VA872885W;"";"15/04/2024 22:30:00";176;"";"";"";"";"";"";P23VA872885W;"";"15/04/2024 22:30:00";176;"";"";"";"";""
BO.Facturacion.cTelelecturaBO;"";P23VA872886X;"";"15/04/2024 22:30:00";23045;"";"";"";"";"";"";P23VA872886X;"";"15/04/2024 22:30:00";23045;"";"";"";"";""
BO.Facturacion.cTelelecturaBO;"";P23VA872884V;"";"15/04/2024 22:30:00";52019;"";"";"";"";"";"";P23VA872884V;"";"15/04/2024 22:30:00";52019;"";"";"";"";""
BO.Facturacion.cTelelecturaBO;"";P23VA872802D;"";"15/04/2024 22:30:00";13338;"";"";"";"";"";"";P23VA872802D;"";"15/04/2024 22:30:00";13338;"";"";"";"";""
BO.Facturacion.cTelelecturaBO;"";P23VA872849S;"";"15/04/2024 22:30:00";20766;"";"";"";"";"";"";P23VA872849S;"";"15/04/2024 22:30:00";20766;"";"";"";"";""
BO.Facturacion.cTelelecturaBO;"";P23VA872805G;"";"15/04/2024 22:30:00";37292;"";"";"";"";"";"";P23VA872805G;"";"15/04/2024 22:30:00";37292;"";"";"";"";""
BO.Facturacion.cTelelecturaBO;"";P23VA872806H;"";"15/04/2024 22:30:00";0;"";"";"";"";"";"";P23VA872806H;"";"15/04/2024 22:30:00";0;"";"";"";"";""
BO.Facturacion.cTelelecturaBO;"";P23VA872800B;"";"15/04/2024 22:30:00";28272;"";"";"";"";"";"";P23VA872800B;"";"15/04/2024 22:30:00";28272;"";"";"";"";""
BO.Facturacion.cTelelecturaBO;"";P23VA872853O;"";"15/04/2024 22:30:00";17109;"";"";"";"";"";"";P23VA872853O;"";"15/04/2024 22:30:00";17109;"";"";"";"";""
BO.Facturacion.cTelelecturaBO;"";P23VA872855Q;"";"15/04/2024 22:30:00";22887;"";"";"";"";"";"";P23VA872855Q;"";"15/04/2024 22:30:00";22887;"";"";"";"";""
BO.Facturacion.cTelelecturaBO;"";P23VA872804F;"";"15/04/2024 22:30:00";44792;"";"";"";"";"";"";P23VA872804F;"";"15/04/2024 22:30:00";44792;"";"";"";"";""
BO.Facturacion.cTelelecturaBO;"";P23VA872801C;"";"15/04/2024 22:30:00";77;"";"";"";"";"";"";P23VA872801C;"";"15/04/2024 22:30:00";77;"";"";"";"";""
BO.Facturacion.cTelelecturaBO;"";P23VA872798Y;"";"15/04/2024 22:30:00";21413;"";"";"";"";"";"";P23VA872798Y;"";"15/04/2024 22:30:00";21413;"";"";"";"";""
BO.Facturacion.cTelelecturaBO;"";P23VA872807I;"";"15/04/2024 22:30:00";44587;"";"";"";"";"";"";P23VA872807I;"";"15/04/2024 22:30:00";44587;"";"";"";"";""
BO.Facturacion.cTelelecturaBO;"";P23VA872850L;"";"15/04/2024 22:30:00";24814;"";"";"";"";"";"";P23VA872850L;"";"15/04/2024 22:30:00";24814;"";"";"";"";""
BO.Facturacion.cTelelecturaBO;"";P23VA872803E;"";"15/04/2024 22:30:00";42861;"";"";"";"";"";"";P23VA872803E;"";"15/04/2024 22:30:00";42861;"";"";"";"";""
BO.Facturacion.cTelelecturaBO;"";P23VA872854P;"";"15/04/2024 22:30:00";71945;"";"";"";"";"";"";P23VA872854P;"";"15/04/2024 22:30:00";71945;"";"";"";"";""
BO.Facturacion.cTelelecturaBO;"";P23VA872799Z;"";"15/04/2024 22:30:00";9253;"";"";"";"";"";"";P23VA872799Z;"";"15/04/2024 22:30:00";9253;"";"";"";"";""
BO.Facturacion.cTelelecturaBO;"";P23VA872848R;"";"15/04/2024 22:30:00";45704;"";"";"";"";"";"";P23VA872848R;"";"15/04/2024 22:30:00";45704;"";"";"";"";""
BO.Facturacion.cTelelecturaBO;"";P23VA872677Q;"";"15/04/2024 22:30:00";32762;"";"";"";"";"";"";P23VA872677Q;"";"15/04/2024 22:30:00";32762;"";"";"";"";""
BO.Facturacion.cTelelecturaBO;"";P23VA873030N;"";"15/04/2024 22:30:00";56178;"";"";"";"";"";"";P23VA873030N;"";"15/04/2024 22:30:00";56178;"";"";"";"";""
BO.Facturacion.cTelelecturaBO;"";P23VA873035S;"";"15/04/2024 22:30:00";74570;"";"";"";"";"";"";P23VA873035S;"";"15/04/2024 22:30:00";74570;"";"";"";"";""
BO.Facturacion.cTelelecturaBO;"";P23VA873036T;"";"15/04/2024 22:30:00";47364;"";"";"";"";"";"";P23VA873036T;"";"15/04/2024 22:30:00";47364;"";"";"";"";""
BO.Facturacion.cTelelecturaBO;"";P23VA872671K;"";"15/04/2024 22:30:00";27339;"";"";"";"";"";"";P23VA872671K;"";"15/04/2024 22:30:00";27339;"";"";"";"";""
BO.Facturacion.cTelelecturaBO;"";P23VA873033Q;"";"15/04/2024 22:30:00";41427;"";"";"";"";"";"";P23VA873033Q;"";"15/04/2024 22:30:00";41427;"";"";"";"";""
BO.Facturacion.cTelelecturaBO;"";P23VA872670J;"";"15/04/2024 22:30:00";42846;"";"";"";"";"";"";P23VA872670J;"";"15/04/2024 22:30:00";42846;"";"";"";"";""
BO.Facturacion.cTelelecturaBO;"";P23VA873028T;"";"15/04/2024 22:30:00";36905;"";"";"";"";"";"";P23VA873028T;"";"15/04/2024 22:30:00";36905;"";"";"";"";""
BO.Facturacion.cTelelecturaBO;"";P23VA873029U;"";"15/04/2024 22:30:00";31762;"";"";"";"";"";"";P23VA873029U;"";"15/04/2024 22:30:00";31762;"";"";"";"";""
BO.Facturacion.cTelelecturaBO;"";P23VA873017Q;"";"15/04/2024 22:30:00";3183;"";"";"";"";"";"";P23VA873017Q;"";"15/04/2024 22:30:00";3183;"";"";"";"";""
BO.Facturacion.cTelelecturaBO;"";P23VA872672L;"";"15/04/2024 22:30:00";36442;"";"";"";"";"";"";P23VA872672L;"";"15/04/2024 22:30:00";36442;"";"";"";"";""
BO.Facturacion.cTelelecturaBO;"";P23VA873034R;"";"15/04/2024 22:30:00";57514;"";"";"";"";"";"";P23VA873034R;"";"15/04/2024 22:30:00";57514;"";"";"";"";""
BO.Facturacion.cTelelecturaBO;"";P23VA872676P;"";"15/04/2024 22:30:00";35422;"";"";"";"";"";"";P23VA872676P;"";"15/04/2024 22:30:00";35422;"";"";"";"";""
BO.Facturacion.cTelelecturaBO;"";P23VA873031O;"";"15/04/2024 22:30:00";4;"";"";"";"";"";"";P23VA873031O;"";"15/04/2024 22:30:00";4;"";"";"";"";""
BO.Facturacion.cTelelecturaBO;"";P23VA873012L;"";"15/04/2024 22:30:00";58386;"";"";"";"";"";"";P23VA873012L;"";"15/04/2024 22:30:00";58386;"";"";"";"";""
BO.Facturacion.cTelelecturaBO;"";P23VA872675O;"";"15/04/2024 22:30:00";54555;"";"";"";"";"";"";P23VA872675O;"";"15/04/2024 22:30:00";54555;"";"";"";"";""
BO.Facturacion.cTelelecturaBO;"";P23VA872789X;"";"15/04/2024 22:30:00";41905;"";"";"";"";"";"";P23VA872789X;"";"15/04/2024 22:30:00";41905;"";"";"";"";""
BO.Facturacion.cTelelecturaBO;"";P23VA872797X;"";"15/04/2024 22:30:00";26322;"";"";"";"";"";"";P23VA872797X;"";"15/04/2024 22:30:00";26322;"";"";"";"";""
BO.Facturacion.cTelelecturaBO;"";P23VA872794U;"";"15/04/2024 22:30:00";18729;"";"";"";"";"";"";P23VA872794U;"";"15/04/2024 22:30:00";18729;"";"";"";"";""
BO.Facturacion.cTelelecturaBO;"";P23VA872790Q;"";"15/04/2024 22:30:00";7676;"";"";"";"";"";"";P23VA872790Q;"";"15/04/2024 22:30:00";7676;"";"";"";"";""
BO.Facturacion.cTelelecturaBO;"";P23VA872793T;"";"15/04/2024 22:30:00";3462;"";"";"";"";"";"";P23VA872793T;"";"15/04/2024 22:30:00";3462;"";"";"";"";""
BO.Facturacion.cTelelecturaBO;"";P23VA872792S;"";"15/04/2024 22:30:00";26029;"";"";"";"";"";"";P23VA872792S;"";"15/04/2024 22:30:00";26029;"";"";"";"";""
BO.Facturacion.cTelelecturaBO;"";P23VA872986A;"";"15/04/2024 22:30:00";24094;"";"";"";"";"";"";P23VA872986A;"";"15/04/2024 22:30:00";24094;"";"";"";"";""
BO.Facturacion.cTelelecturaBO;"";P23VA872839Q;"";"15/04/2024 22:30:00";39649;"";"";"";"";"";"";P23VA872839Q;"";"15/04/2024 22:30:00";39649;"";"";"";"";""
BO.Facturacion.cTelelecturaBO;"";P23VA872841K;"";"15/04/2024 22:30:00";49839;"";"";"";"";"";"";P23VA872841K;"";"15/04/2024 22:30:00";49839;"";"";"";"";""
BO.Facturacion.cTelelecturaBO;"";P23VA872650F;"";"15/04/2024 22:30:00";33059;"";"";"";"";"";"";P23VA872650F;"";"15/04/2024 22:30:00";33059;"";"";"";"";""
BO.Facturacion.cTelelecturaBO;"";P23VA872982W;"";"15/04/2024 22:30:00";23027;"";"";"";"";"";"";P23VA872982W;"";"15/04/2024 22:30:00";23027;"";"";"";"";""
BO.Facturacion.cTelelecturaBO;"";P23VA872847Q;"";"15/04/2024 22:30:00";28732;"";"";"";"";"";"";P23VA872847Q;"";"15/04/2024 22:30:00";28732;"";"";"";"";""
BO.Facturacion.cTelelecturaBO;"";P23VA872845O;"";"15/04/2024 22:30:00";50406;"";"";"";"";"";"";P23VA872845O;"";"15/04/2024 22:30:00";50406;"";"";"";"";""
BO.Facturacion.cTelelecturaBO;"";P23VA872843M;"";"15/04/2024 22:30:00";46079;"";"";"";"";"";"";P23VA872843M;"";"15/04/2024 22:30:00";46079;"";"";"";"";""
BO.Facturacion.cTelelecturaBO;"";P23VA872842L;"";"15/04/2024 22:30:00";24238;"";"";"";"";"";"";P23VA872842L;"";"15/04/2024 22:30:00";24238;"";"";"";"";""
BO.Facturacion.cTelelecturaBO;"";P23VA872980U;"";"15/04/2024 22:30:00";36192;"";"";"";"";"";"";P23VA872980U;"";"15/04/2024 22:30:00";36192;"";"";"";"";""
BO.Facturacion.cTelelecturaBO;"";P23VA872652H;"";"15/04/2024 22:30:00";35689;"";"";"";"";"";"";P23VA872652H;"";"15/04/2024 22:30:00";35689;"";"";"";"";""
BO.Facturacion.cTelelecturaBO;"";P23VA872840J;"";"15/04/2024 22:30:00";20341;"";"";"";"";"";"";P23VA872840J;"";"15/04/2024 22:30:00";20341;"";"";"";"";""
BO.Facturacion.cTelelecturaBO;"";P23VA872987B;"";"15/04/2024 22:30:00";14;"";"";"";"";"";"";P23VA872987B;"";"15/04/2024 22:30:00";14;"";"";"";"";""
BO.Facturacion.cTelelecturaBO;"";P23VA872846P;"";"15/04/2024 22:30:00";24004;"";"";"";"";"";"";P23VA872846P;"";"15/04/2024 22:30:00";24004;"";"";"";"";""
BO.Facturacion.cTelelecturaBO;"";P23VA872844N;"";"15/04/2024 22:30:00";33138;"";"";"";"";"";"";P23VA872844N;"";"15/04/2024 22:30:00";33138;"";"";"";"";""
BO.Facturacion.cTelelecturaBO;"";P23VA872838P;"";"15/04/2024 22:30:00";60246;"";"";"";"";"";"";P23VA872838P;"";"15/04/2024 22:30:00";60246;"";"";"";"";""
BO.Facturacion.cTelelecturaBO;"";P23NE855749H;"";"16/04/2024 0:55:00";7762249;"";"";"";"";"";"";P23NE855749H;"";"16/04/2024 0:55:00";7762249;"";"";"";"";""
BO.Facturacion.cTelelecturaBO;"";P23NE855754E;"";"16/04/2024 1:15:00";119302;"";"";"";"";"";"";P23NE855754E;"";"16/04/2024 1:15:00";119302;"";"";"";"";""
BO.Facturacion.cTelelecturaBO;"";P23NC467120D;"";"16/04/2024 3:45:00";30668;"";"";"";"";"";"";P23NC467120D;"";"16/04/2024 3:45:00";30668;"";"";"";"";""
BO.Facturacion.cTelelecturaBO;"";P23NC467192T;"";"16/04/2024 9:17:00";4;"";"";"";"";"";"";P23NC467192T;"";"16/04/2024 9:17:00";4;"";"";"";"";""
